id,client,insert_date
199998,HenryChange2,08.06.2035 15:45:52
18,fsdfy,8/6/2015 15:45:52
19,Hedsfsdfnry,8/6/2015 15:45:52
11,Henbvmghry,8/6/2015 15:45:52
13,Hedfhnry,8/6/2015 15:45:52
14,Hedfhdfhnry,8/6/2015 15:45:52
1346431,Henhdjdfry,8/6/2015 15:45:52
1412,Henry,8/6/2015 15:45:52
1253,fsdfy,8/6/2015 15:45:52
19235235,Hsdfsdfnry,8/6/2015 15:45:52
11249,Hedsfsdfnry,8/6/2015 15:45:52
12341,Henbvmghry,8/6/2015 15:45:52
1978673,Hedfhnry,8/6/2015 15:45:52
42114,Hedfhdfhnry,8/6/2015 15:45:52
7611,Henhdjdfry,8/6/2015 15:45:52
6716,Henry,8/6/2015 15:45:52
2317,Hegsdnry,8/6/2015 15:45:52
1218,fsdfy,8/6/2015 15:45:52
153293,Hsdfsdfnry,8/6/2015 15:45:52
35219,Hedsfsdfnry,8/6/2015 15:45:52
2611,Henbvmghry,8/6/2015 15:45:52
54713,Hedfhnry,8/6/2015 15:45:52
16784,Hedfhdfhnry,8/6/2015 15:45:52
15861,Henhdjdfry,8/6/2015 15:45:52
1476,Henry,8/6/2015 15:45:52
15867,Hegsdnry,8/6/2015 15:45:52
1128,fsdfy,8/6/2015 15:45:52
123493,Hsdfsdfnry,8/6/2015 15:45:52
11659,Hedsfsdfnry,8/6/2015 15:45:52
1235621,Henbvmghry,8/6/2015 15:45:52
1235313,Hedfhnry,8/6/2015 15:45:52
5756314,Hedfhdfhnry,8/6/2015 15:45:52
1345737571,Henhdjdfry,8/6/2015 15:45:52
145735736,Henry,8/6/2015 15:45:52
13573477,Hegsdnry,8/6/2015 15:45:52
1472428,fsdfy,8/6/2015 15:45:52
125742434,Hsdfsdfnry,8/6/2015 15:45:52
114643264,Hedsfsdfnry,8/6/2015 15:45:52
1475675863,Henbvmghry,8/6/2015 15:45:52
1334745743,Hedfhnry,8/6/2015 15:45:52
1246634624,Hedfhdfhnry,8/6/2015 15:45:52
1373247,Henhdjdfry,8/6/2015 15:45:52
12472572,4324,4/12/2018 17:45:52
